,CRIM,ZN,INDUS,CHAS,NOX,RM,AGE,DIS,RAD,TAX,PTRATIO,B,LSTAT,MEDV
0,-5.064036070823371,2.8903723134515658,2.31,0.0,0.538,6.575,65.2,4.09,1.0,296.0,15.3,396.9,4.98,24.0
1,-3.6005023434965233,-11.512925464970229,7.07,0.0,0.469,6.421,78.9,4.9671,2.0,242.0,17.8,396.9,9.14,21.6
2,-3.60123494426189,-11.512925464970229,7.07,0.0,0.469,7.185,61.1,4.9671,2.0,242.0,17.8,392.83,4.03,34.7
3,-3.430523211043984,-11.512925464970229,2.18,0.0,0.458,6.998,45.8,6.0622,3.0,222.0,18.7,394.63,2.94,33.4
4,-2.672924399126836,-11.512925464970229,2.18,0.0,0.458,7.147,54.2,6.0622,3.0,222.0,18.7,396.9,5.33,36.2
5,-3.511570439143526,-11.512925464970229,2.18,0.0,0.458,6.43,58.7,6.0622,3.0,222.0,18.7,394.12,5.21,28.7
6,-2.427128428068646,2.5257294443079354,7.87,0.0,0.524,6.012,66.6,5.5605,5.0,311.0,15.2,395.6,12.43,22.9
7,-1.934129810519782,2.5257294443079354,7.87,0.0,0.524,6.172,96.1,5.9505,5.0,311.0,15.2,396.9,19.15,27.1
8,-1.5547603511434045,2.5257294443079354,7.87,0.0,0.524,5.631,100.0,6.0821,5.0,311.0,15.2,386.63,29.93,16.5
9,-1.7717215754915476,2.5257294443079354,7.87,0.0,0.524,6.004,85.9,6.5921,5.0,311.0,15.2,386.71,17.1,18.9
10,-1.492143885211743,2.5257294443079354,7.87,0.0,0.524,6.377,94.3,6.3467,5.0,311.0,15.2,392.52,20.45,15.0
11,-2.1415722971463422,2.5257294443079354,7.87,0.0,0.524,6.009,82.9,6.2267,5.0,311.0,15.2,396.9,13.27,18.9
12,-2.3668036653206967,2.5257294443079354,7.87,0.0,0.524,5.889,39.0,5.4509,5.0,311.0,15.2,390.5,15.71,21.7
13,-0.46241648455830314,-11.512925464970229,8.14,0.0,0.538,5.949,61.8,4.7075,4.0,307.0,21.0,396.9,8.26,20.4
14,-0.44947969352758377,-11.512925464970229,8.14,0.0,0.538,6.096,84.5,4.4619,4.0,307.0,21.0,380.02,10.26,18.2
15,-0.4661869221476103,-11.512925464970229,8.14,0.0,0.538,5.834,56.5,4.4986,4.0,307.0,21.0,395.62,8.47,19.9
16,0.05252603425144661,-11.512925464970229,8.14,0.0,0.538,5.935,29.3,4.4986,4.0,307.0,21.0,386.85,6.58,23.1
17,-0.2430911891239058,-11.512925464970229,8.14,0.0,0.538,5.99,81.7,4.2579,4.0,307.0,21.0,386.75,14.67,17.5
18,-0.2197617759678016,-11.512925464970229,8.14,0.0,0.538,5.456,36.6,3.7965,4.0,307.0,21.0,288.99,11.69,20.2
19,-0.3204807842031671,-11.512925464970229,8.14,0.0,0.538,5.727,69.5,3.7965,4.0,307.0,21.0,390.95,11.28,18.2
20,0.22457452697999086,-11.512925464970229,8.14,0.0,0.538,5.57,98.1,3.7979,4.0,307.0,21.0,376.57,21.02,13.6
21,-0.1601218048980534,-11.512925464970229,8.14,0.0,0.538,5.965,89.2,4.0123,4.0,307.0,21.0,392.53,13.83,19.6
22,0.20902028586767565,-11.512925464970229,8.14,0.0,0.538,6.142,91.7,3.9769,4.0,307.0,21.0,396.9,18.72,15.2
23,-0.011637453244120754,-11.512925464970229,8.14,0.0,0.538,5.813,100.0,4.0952,4.0,307.0,21.0,394.54,19.88,14.5
24,-0.2873354658601195,-11.512925464970229,8.14,0.0,0.538,5.924,94.1,4.3996,4.0,307.0,21.0,394.33,16.3,15.6
25,-0.17371073654605956,-11.512925464970229,8.14,0.0,0.538,5.599,85.7,4.4546,4.0,307.0,21.0,303.42,16.51,13.9
26,-0.397630875999648,-11.512925464970229,8.14,0.0,0.538,5.813,90.3,4.682,4.0,307.0,21.0,376.88,14.81,16.6
27,-0.04523798065019433,-11.512925464970229,8.14,0.0,0.538,6.047,88.8,4.4534,4.0,307.0,21.0,306.38,17.28,14.8
28,-0.2574891670890018,-11.512925464970229,8.14,0.0,0.538,6.495,94.4,4.4547,4.0,307.0,21.0,387.94,12.8,18.4
29,0.002447003643051847,-11.512925464970229,8.14,0.0,0.538,6.674,87.3,4.239,4.0,307.0,21.0,380.23,11.98,21.0
30,0.12293419009497764,-11.512925464970229,8.14,0.0,0.538,5.713,94.1,4.233,4.0,307.0,21.0,360.17,22.6,12.7
31,0.30359479091182995,-11.512925464970229,8.14,0.0,0.538,6.072,100.0,4.175,4.0,307.0,21.0,376.73,13.04,14.5
32,0.3278566574477085,-11.512925464970229,8.14,0.0,0.538,5.95,82.0,3.99,4.0,307.0,21.0,232.6,27.71,13.2
33,0.14125647717535533,-11.512925464970229,8.14,0.0,0.538,5.701,95.0,3.7872,4.0,307.0,21.0,358.77,18.35,13.1
34,0.477984199611674,-11.512925464970229,8.14,0.0,0.538,6.096,96.9,3.7598,4.0,307.0,21.0,248.31,20.34,13.5
35,-2.746219467219713,-11.512925464970229,5.96,0.0,0.499,5.933,68.2,3.3603,5.0,279.0,19.2,396.9,9.68,18.9
36,-2.3285184750205503,-11.512925464970229,5.96,0.0,0.499,5.841,61.4,3.3779,5.0,279.0,19.2,377.56,11.41,20.0
37,-2.5239801737741385,-11.512925464970229,5.96,0.0,0.499,5.85,41.5,3.9342,5.0,279.0,19.2,396.9,8.77,21.0
38,-1.7426836315814622,-11.512925464970229,5.96,0.0,0.499,5.966,30.2,3.8473,5.0,279.0,19.2,393.43,10.13,24.7
39,-3.5888531400468118,4.317488246869635,2.95,0.0,0.428,6.595,21.8,5.4011,3.0,252.0,18.3,395.63,4.32,30.8
40,-3.3935268753579355,4.317488246869635,2.95,0.0,0.428,7.024,15.8,5.4011,3.0,252.0,18.3,395.62,1.98,34.9
41,-2.060109613380344,-11.512925464970229,6.91,0.0,0.448,6.77,2.9,5.7209,3.0,233.0,17.9,385.41,4.84,26.6
42,-1.9554555618988447,-11.512925464970229,6.91,0.0,0.448,6.169,6.6,5.7209,3.0,233.0,17.9,383.37,5.81,25.3
43,-1.8365894851458489,-11.512925464970229,6.91,0.0,0.448,6.211,6.5,5.7209,3.0,233.0,17.9,394.46,7.44,24.7
44,-2.098094430179046,-11.512925464970229,6.91,0.0,0.448,6.069,40.0,5.7209,3.0,233.0,17.9,389.39,9.55,21.2
45,-1.7636385935114005,-11.512925464970229,6.91,0.0,0.448,5.682,33.8,5.1004,3.0,233.0,17.9,396.9,10.21,19.3
46,-1.6694002536067831,-11.512925464970229,6.91,0.0,0.448,5.786,33.3,5.1004,3.0,233.0,17.9,396.9,14.15,20.0
47,-1.4728549306475662,-11.512925464970229,6.91,0.0,0.448,6.03,85.5,5.6894,3.0,233.0,17.9,392.74,18.8,16.6
48,-1.3709329540071915,-11.512925464970229,6.91,0.0,0.448,5.399,95.3,5.87,3.0,233.0,17.9,396.9,30.81,14.4
49,-1.5151737340440177,-11.512925464970229,6.91,0.0,0.448,5.602,62.0,6.0877,3.0,233.0,17.9,396.9,16.2,19.4
50,-2.4221572281348904,3.0445229139137857,5.64,0.0,0.439,5.963,45.7,6.8147,4.0,243.0,16.8,395.56,13.45,19.7
51,-3.137987321134862,3.0445229139137857,5.64,0.0,0.439,6.115,63.0,6.8147,4.0,243.0,16.8,393.97,9.43,20.5
52,-2.926206210905381,3.0445229139137857,5.64,0.0,0.439,6.511,21.1,6.8147,4.0,243.0,16.8,396.9,5.28,25.0
53,-2.9995395118969452,3.0445229139137857,5.64,0.0,0.439,5.998,21.4,6.8147,4.0,243.0,16.8,396.9,8.43,23.4
54,-4.29768548624013,4.317488246869635,4.0,0.0,0.41,5.888,47.6,7.3197,3.0,469.0,21.1,396.9,14.8,18.9
55,-4.334379981206529,4.49980978144137,1.22,0.0,0.403,7.249,21.9,8.6966,5.0,226.0,17.9,395.93,4.81,35.4
56,-3.8848943380398935,4.442651374137369,0.74,0.0,0.41,6.383,35.7,9.1876,2.0,313.0,17.3,396.9,5.77,24.7
57,-4.2460981174496375,4.605170285988087,1.32,0.0,0.411,6.816,40.5,8.3248,5.0,256.0,15.1,392.9,3.95,31.6
58,-1.8678848596175464,3.218876224868121,5.13,0.0,0.453,6.145,29.2,7.8148,8.0,284.0,19.7,390.68,6.86,23.3
59,-2.27031153244375,3.218876224868121,5.13,0.0,0.453,5.927,47.2,6.932,8.0,284.0,19.7,396.9,9.22,19.6
60,-1.901663624935754,3.218876224868121,5.13,0.0,0.453,5.741,66.2,7.2254,8.0,284.0,19.7,395.11,13.15,18.7
61,-1.7619482716564259,3.218876224868121,5.13,0.0,0.453,5.966,93.4,6.8185,8.0,284.0,19.7,378.08,14.44,16.0
62,-2.20482337521155,3.218876224868121,5.13,0.0,0.453,6.456,67.8,7.2255,8.0,284.0,19.7,396.9,6.73,22.2
63,-2.0675129708145623,3.218876224868121,5.13,0.0,0.453,6.762,43.4,7.9809,8.0,284.0,19.7,395.58,9.5,25.0
64,-3.9368281243471173,2.8622014523578767,1.38,0.0,0.4161,7.104,59.5,9.2229,3.0,216.0,18.6,393.24,8.05,33.0
65,-3.3286906908754075,4.382026759673874,3.37,0.0,0.398,6.29,17.8,6.6115,4.0,337.0,16.1,396.9,4.67,23.5
66,-3.12834979816883,4.382026759673874,3.37,0.0,0.398,5.787,31.1,6.6115,4.0,337.0,16.1,396.9,10.24,19.4
67,-2.849210620891224,2.5257294443079354,6.07,0.0,0.409,5.878,21.4,6.498,4.0,345.0,18.9,396.21,8.1,22.0
68,-1.9984884792741702,2.5257294443079354,6.07,0.0,0.409,5.594,36.8,6.498,4.0,345.0,18.9,396.9,13.09,17.4
69,-2.054475795662088,2.5257294443079354,6.07,0.0,0.409,5.885,33.0,6.498,4.0,345.0,18.9,396.9,8.79,20.9
70,-2.4274682751407357,-11.512925464970229,10.81,0.0,0.413,6.417,6.6,5.2873,4.0,305.0,19.2,383.73,6.72,24.2
71,-1.8403616510672725,-11.512925464970229,10.81,0.0,0.413,5.961,17.5,5.2873,4.0,305.0,19.2,376.94,9.88,21.7
72,-2.389887421396842,-11.512925464970229,10.81,0.0,0.413,6.065,7.8,5.2873,4.0,305.0,19.2,390.91,5.52,22.8
73,-1.632757717755717,-11.512925464970229,10.81,0.0,0.413,6.245,6.2,5.2873,4.0,305.0,19.2,377.17,7.54,23.4
74,-2.538813883856911,-11.512925464970229,12.83,0.0,0.437,6.273,6.0,4.2515,5.0,398.0,18.7,394.92,6.78,24.1
75,-2.3526160265996108,-11.512925464970229,12.83,0.0,0.437,6.286,45.0,4.5026,5.0,398.0,18.7,383.23,8.94,21.4
76,-2.2874009576690058,-11.512925464970229,12.83,0.0,0.437,6.279,74.5,4.0522,5.0,398.0,18.7,373.66,11.97,20.0
77,-2.441042886141613,-11.512925464970229,12.83,0.0,0.437,6.14,45.8,4.0905,5.0,398.0,18.7,386.96,10.27,20.8
78,-2.8742228561567935,-11.512925464970229,12.83,0.0,0.437,6.232,53.7,5.0141,5.0,398.0,18.7,386.4,12.34,21.2
79,-2.478487297985817,-11.512925464970229,12.83,0.0,0.437,5.874,36.6,4.5026,5.0,398.0,18.7,396.06,9.1,20.3
80,-3.1910174967398044,3.218876224868121,4.86,0.0,0.426,6.727,33.5,5.4007,4.0,281.0,19.0,396.9,5.29,28.0
81,-3.1095730899777507,3.218876224868121,4.86,0.0,0.426,6.619,70.4,5.4007,4.0,281.0,19.0,395.63,7.22,23.9
82,-3.3079802999510215,3.218876224868121,4.86,0.0,0.426,6.302,32.2,5.4007,4.0,281.0,19.0,396.9,6.72,24.8
83,-3.3379409320271405,3.218876224868121,4.86,0.0,0.426,6.167,46.7,5.4007,4.0,281.0,19.0,390.64,7.51,22.9
84,-2.9840013506782923,-11.512925464970229,4.49,0.0,0.449,6.389,48.0,4.7794,3.0,247.0,18.5,396.9,9.62,23.9
85,-2.8585824354067575,-11.512925464970229,4.49,0.0,0.449,6.63,56.1,4.4377,3.0,247.0,18.5,392.3,6.53,26.6
86,-2.958821919533894,-11.512925464970229,4.49,0.0,0.449,6.015,45.1,4.4272,3.0,247.0,18.5,395.99,12.86,22.5
87,-2.6379179789218323,-11.512925464970229,4.49,0.0,0.449,6.121,56.8,3.7476,3.0,247.0,18.5,395.15,8.44,22.2
88,-2.871746293773,-11.512925464970229,3.41,0.0,0.489,7.007,86.3,3.4217,2.0,270.0,17.8,396.9,5.5,23.6
89,-2.9370860781212578,-11.512925464970229,3.41,0.0,0.489,7.079,63.1,3.4145,2.0,270.0,17.8,396.06,5.7,28.7
90,-3.0610177402526206,-11.512925464970229,3.41,0.0,0.489,6.417,66.1,3.0923,2.0,270.0,17.8,392.18,8.81,22.6
91,-3.2360219837031714,-11.512925464970229,3.41,0.0,0.489,6.405,73.9,3.0921,2.0,270.0,17.8,393.55,8.2,22.0
92,-3.1693716299651116,3.3322048673179974,15.04,0.0,0.464,6.442,53.6,3.6659,4.0,270.0,18.2,395.01,8.16,22.9
93,-3.5491175117387774,3.3322048673179974,15.04,0.0,0.464,6.211,28.9,3.6659,4.0,270.0,18.2,396.33,6.21,25.0
94,-3.147951486531502,3.3322048673179974,15.04,0.0,0.464,6.249,77.3,3.615,4.0,270.0,18.2,396.9,10.59,20.6
95,-2.1034064191336683,-11.512925464970229,2.89,0.0,0.445,6.625,57.8,3.4952,2.0,276.0,18.0,357.98,6.65,28.4
96,-2.1624753850094005,-11.512925464970229,2.89,0.0,0.445,6.163,69.6,3.4952,2.0,276.0,18.0,391.83,11.34,21.4
97,-2.1133706799429204,-11.512925464970229,2.89,0.0,0.445,8.069,76.0,3.4952,2.0,276.0,18.0,396.9,4.21,38.7
98,-2.5026226555937803,-11.512925464970229,2.89,0.0,0.445,7.82,36.9,3.4952,2.0,276.0,18.0,393.53,3.57,43.8
99,-2.6794627442502974,-11.512925464970229,2.89,0.0,0.445,7.416,62.5,3.4952,2.0,276.0,18.0,396.9,6.19,33.2
100,-1.9060934596849897,-11.512925464970229,8.56,0.0,0.52,6.727,79.9,2.7778,5.0,384.0,20.9,394.76,9.42,27.5
101,-2.168753745360525,-11.512925464970229,8.56,0.0,0.52,6.781,71.3,2.8561,5.0,384.0,20.9,395.58,7.67,26.5
102,-1.4750818599350217,-11.512925464970229,8.56,0.0,0.52,6.405,85.4,2.7147,5.0,384.0,20.9,70.8,10.63,18.6
103,-1.5530103211354571,-11.512925464970229,8.56,0.0,0.52,6.137,87.4,2.7147,5.0,384.0,20.9,394.47,13.44,19.3
104,-1.968974088653865,-11.512925464970229,8.56,0.0,0.52,6.167,90.0,2.421,5.0,384.0,20.9,392.69,12.33,20.1
105,-2.0202673830414155,-11.512925464970229,8.56,0.0,0.52,5.851,96.7,2.1069,5.0,384.0,20.9,394.05,16.47,19.5
106,-1.7649228152744953,-11.512925464970229,8.56,0.0,0.52,5.836,91.9,2.211,5.0,384.0,20.9,395.67,18.66,19.5
107,-2.0312610871550825,-11.512925464970229,8.56,0.0,0.52,6.127,85.2,2.1224,5.0,384.0,20.9,387.69,14.09,20.4
108,-2.0555687772682796,-11.512925464970229,8.56,0.0,0.52,6.474,97.1,2.4329,5.0,384.0,20.9,395.24,12.27,19.8
109,-1.3332086740283013,-11.512925464970229,8.56,0.0,0.52,6.229,91.2,2.5451,5.0,384.0,20.9,391.23,15.55,19.4
110,-2.2262724101448823,-11.512925464970229,8.56,0.0,0.52,6.195,54.4,2.7778,5.0,384.0,20.9,393.49,13.0,21.7
111,-2.294220176662418,-11.512925464970229,10.01,0.0,0.547,6.715,81.6,2.6775,6.0,432.0,17.8,395.59,10.16,22.8
112,-2.0932159751016757,-11.512925464970229,10.01,0.0,0.547,5.913,92.9,2.3534,6.0,432.0,17.8,394.95,16.21,18.8
113,-1.5045375026087306,-11.512925464970229,10.01,0.0,0.547,6.092,95.4,2.548,6.0,432.0,17.8,396.9,17.09,18.7
114,-1.9497475022865685,-11.512925464970229,10.01,0.0,0.547,6.254,84.2,2.2565,6.0,432.0,17.8,388.74,10.45,18.5
115,-1.764105392446239,-11.512925464970229,10.01,0.0,0.547,5.928,88.2,2.4631,6.0,432.0,17.8,344.91,15.76,18.3
116,-2.028140247324285,-11.512925464970229,10.01,0.0,0.547,6.176,72.5,2.7301,6.0,432.0,17.8,393.3,12.04,21.2
117,-1.8906079012706583,-11.512925464970229,10.01,0.0,0.547,6.021,82.6,2.7474,6.0,432.0,17.8,394.51,10.3,19.2
118,-2.0357692132236496,-11.512925464970229,10.01,0.0,0.547,5.872,73.1,2.4775,6.0,432.0,17.8,338.63,15.37,20.4
119,-1.9326780802865953,-11.512925464970229,10.01,0.0,0.547,5.731,65.2,2.7592,6.0,432.0,17.8,391.5,13.61,19.3
120,-2.67379371242412,-11.512925464970229,25.65,0.0,0.581,5.87,69.7,2.2577,2.0,188.0,19.1,389.15,14.37,22.0
121,-2.635962124707956,-11.512925464970229,25.65,0.0,0.581,6.004,84.1,2.1974,2.0,188.0,19.1,377.67,14.27,20.3
122,-2.3752633184920313,-11.512925464970229,25.65,0.0,0.581,5.961,92.9,2.0869,2.0,188.0,19.1,378.09,17.93,20.5
123,-1.8945898550322562,-11.512925464970229,25.65,0.0,0.581,5.856,97.0,1.9444,2.0,188.0,19.1,370.31,25.41,17.3
124,-2.317800258800526,-11.512925464970229,25.65,0.0,0.581,5.879,95.8,2.0063,2.0,188.0,19.1,379.38,17.58,18.8
125,-1.7777382278658007,-11.512925464970229,25.65,0.0,0.581,5.986,88.4,1.9929,2.0,188.0,19.1,385.02,14.81,21.4
126,-0.9484266019042255,-11.512925464970229,25.65,0.0,0.581,5.613,95.6,1.7572,2.0,188.0,19.1,359.29,27.26,15.7
127,-1.3503482343464215,-11.512925464970229,21.89,0.0,0.624,5.693,96.0,1.7883,4.0,437.0,21.2,392.11,17.19,16.2
128,-1.1226078942243305,-11.512925464970229,21.89,0.0,0.624,6.431,98.8,1.8125,4.0,437.0,21.2,396.9,15.39,18.0
129,-0.12641392485565867,-11.512925464970229,21.89,0.0,0.624,5.637,94.7,1.9799,4.0,437.0,21.2,396.9,18.34,14.3
130,-1.0786332063527975,-11.512925464970229,21.89,0.0,0.624,6.458,98.9,2.1185,4.0,437.0,21.2,395.04,12.6,19.2
131,0.17642084847298606,-11.512925464970229,21.89,0.0,0.624,6.326,97.7,2.271,4.0,437.0,21.2,396.9,12.26,19.6
132,-0.5275479999103794,-11.512925464970229,21.89,0.0,0.624,6.372,97.9,2.3274,4.0,437.0,21.2,385.76,11.12,23.0
133,-1.109208227881513,-11.512925464970229,21.89,0.0,0.624,5.822,95.4,2.4699,4.0,437.0,21.2,388.69,15.03,18.4
134,-0.024118527408807797,-11.512925464970229,21.89,0.0,0.624,5.757,98.4,2.346,4.0,437.0,21.2,262.76,17.31,15.6
135,-0.5837906595767728,-11.512925464970229,21.89,0.0,0.624,6.335,98.2,2.1107,4.0,437.0,21.2,394.67,16.96,18.1
136,-1.1312181284170244,-11.512925464970229,21.89,0.0,0.624,5.942,93.5,1.9669,4.0,437.0,21.2,378.25,16.9,17.4
137,-1.0431870425627,-11.512925464970229,21.89,0.0,0.624,6.454,98.4,1.8498,4.0,437.0,21.2,394.08,14.59,17.1
138,-1.3870946812906597,-11.512925464970229,21.89,0.0,0.624,5.857,98.2,1.6686,4.0,437.0,21.2,392.04,21.32,13.3
139,-0.6078506063378647,-11.512925464970229,21.89,0.0,0.624,6.151,97.9,1.6687,4.0,437.0,21.2,396.9,18.46,17.8
140,-1.2347757134809811,-11.512925464970229,21.89,0.0,0.624,6.174,93.6,1.6119,4.0,437.0,21.2,388.08,24.16,14.0
141,0.4877453107218927,-11.512925464970229,21.89,0.0,0.624,5.019,100.0,1.4394,4.0,437.0,21.2,396.9,34.41,14.4
142,1.200280997987386,-11.512925464970229,19.58,1.0,0.871,5.403,100.0,1.3216,5.0,403.0,14.7,396.9,26.82,13.4
143,1.4103526262129615,-11.512925464970229,19.58,0.0,0.871,5.468,100.0,1.4118,5.0,403.0,14.7,396.9,26.42,15.6
144,1.0223573981489371,-11.512925464970229,19.58,0.0,0.871,4.903,97.8,1.3459,5.0,403.0,14.7,396.9,29.29,11.8
145,0.8668231383012291,-11.512925464970229,19.58,0.0,0.871,6.13,100.0,1.4191,5.0,403.0,14.7,172.91,27.8,13.8
146,0.7678139251427007,-11.512925464970229,19.58,0.0,0.871,5.628,100.0,1.5166,5.0,403.0,14.7,169.27,16.65,15.6
147,0.8623075070760768,-11.512925464970229,19.58,0.0,0.871,4.926,95.7,1.4608,5.0,403.0,14.7,391.71,29.53,14.6
148,0.8462930700401279,-11.512925464970229,19.58,0.0,0.871,5.186,93.8,1.5296,5.0,403.0,14.7,356.99,28.32,17.8
149,1.0057547653081238,-11.512925464970229,19.58,0.0,0.871,5.597,94.9,1.5257,5.0,403.0,14.7,351.85,21.45,15.4
150,0.5047673091820267,-11.512925464970229,19.58,0.0,0.871,6.122,97.3,1.618,5.0,403.0,14.7,372.8,14.1,21.5
151,0.4030087604214572,-11.512925464970229,19.58,0.0,0.871,5.404,100.0,1.5916,5.0,403.0,14.7,341.6,13.28,19.6
152,0.11918649479116296,-11.512925464970229,19.58,1.0,0.871,5.012,88.0,1.6102,5.0,403.0,14.7,343.28,12.12,15.3
153,0.7650863740410299,-11.512925464970229,19.58,0.0,0.871,5.709,98.5,1.6232,5.0,403.0,14.7,261.95,15.79,19.4
154,0.3463164798105087,-11.512925464970229,19.58,1.0,0.871,6.129,96.0,1.7494,5.0,403.0,14.7,321.02,15.12,17.0
155,1.262716128198849,-11.512925464970229,19.58,1.0,0.871,6.152,82.6,1.7455,5.0,403.0,14.7,88.01,15.02,15.6
156,0.8947320035347462,-11.512925464970229,19.58,0.0,0.871,5.272,94.0,1.7364,5.0,403.0,14.7,88.63,16.14,13.1
157,0.2017809879501736,-11.512925464970229,19.58,0.0,0.605,6.943,97.4,1.8773,5.0,403.0,14.7,363.43,4.59,41.3
158,0.2947867741817126,-11.512925464970229,19.58,0.0,0.605,6.066,100.0,1.7573,5.0,403.0,14.7,353.89,6.43,24.3
159,0.3541858487098422,-11.512925464970229,19.58,0.0,0.871,6.51,100.0,1.7659,5.0,403.0,14.7,364.31,7.39,23.3
160,0.24173760544271178,-11.512925464970229,19.58,1.0,0.605,6.25,92.6,1.7984,5.0,403.0,14.7,338.92,5.5,27.0
161,0.3807351614875533,-11.512925464970229,19.58,0.0,0.605,7.489,90.8,1.9709,5.0,403.0,14.7,374.43,1.73,50.0
162,0.6063739570277114,-11.512925464970229,19.58,1.0,0.605,7.802,98.2,2.0407,5.0,403.0,14.7,389.61,1.92,50.0
163,0.4180653900839028,-11.512925464970229,19.58,1.0,0.605,8.375,93.9,2.162,5.0,403.0,14.7,388.45,3.32,50.0
164,0.8075288826786605,-11.512925464970229,19.58,0.0,0.605,5.854,91.8,2.422,5.0,403.0,14.7,395.11,11.64,22.7
165,1.072952541887532,-11.512925464970229,19.58,0.0,0.605,6.101,93.0,2.2834,5.0,403.0,14.7,240.16,9.81,25.0
166,0.6982292449667389,-11.512925464970229,19.58,0.0,0.605,7.929,96.2,2.0459,5.0,403.0,14.7,369.3,3.7,50.0
167,0.5879422083601638,-11.512925464970229,19.58,0.0,0.605,5.877,79.2,2.4259,5.0,403.0,14.7,227.61,12.14,23.8
168,0.833083020857462,-11.512925464970229,19.58,0.0,0.605,6.319,96.1,2.1,5.0,403.0,14.7,297.09,11.1,23.8
169,0.8958961694189218,-11.512925464970229,19.58,0.0,0.605,6.402,95.2,2.2625,5.0,403.0,14.7,330.04,11.32,22.3
170,0.18848585176179927,-11.512925464970229,19.58,0.0,0.605,5.875,94.6,2.4259,5.0,403.0,14.7,292.29,14.43,17.4
171,0.838934412625926,-11.512925464970229,19.58,0.0,0.605,5.88,97.3,2.3887,5.0,403.0,14.7,348.13,12.03,19.1
172,-1.9722746584866417,-11.512925464970229,4.05,0.0,0.51,5.572,88.5,2.5961,5.0,296.0,16.6,396.9,14.69,23.1
173,-2.3883608700154495,-11.512925464970229,4.05,0.0,0.51,6.416,84.1,2.6463,5.0,296.0,16.6,395.5,9.04,23.6
174,-2.4713588372427315,-11.512925464970229,4.05,0.0,0.51,5.859,68.7,2.7019,5.0,296.0,16.6,393.23,9.64,22.6
175,-2.70845028112355,-11.512925464970229,4.05,0.0,0.51,6.546,33.1,3.1323,5.0,296.0,16.6,390.96,5.33,29.4
176,-2.656122108241851,-11.512925464970229,4.05,0.0,0.51,6.02,47.2,3.5549,5.0,296.0,16.6,393.23,10.11,23.2
177,-2.9141522865615683,-11.512925464970229,4.05,0.0,0.51,6.315,73.4,3.3175,5.0,296.0,16.6,395.6,6.29,24.6
178,-2.7117570630335366,-11.512925464970229,4.05,0.0,0.51,6.86,74.4,2.9153,5.0,296.0,16.6,391.27,6.92,29.9
179,-2.8507665033038054,-11.512925464970229,2.46,0.0,0.488,6.98,58.4,2.829,3.0,193.0,17.8,396.9,5.04,37.2
180,-2.719920373672698,-11.512925464970229,2.46,0.0,0.488,7.765,83.3,2.741,3.0,193.0,17.8,395.56,7.56,39.8
181,-2.675389418862662,-11.512925464970229,2.46,0.0,0.488,6.144,62.2,2.5979,3.0,193.0,17.8,396.9,9.45,36.2
182,-2.3965661564649396,-11.512925464970229,2.46,0.0,0.488,7.155,92.2,2.7006,3.0,193.0,17.8,394.12,4.82,37.9
183,-2.3017854128234814,-11.512925464970229,2.46,0.0,0.488,6.563,95.6,2.847,3.0,193.0,17.8,396.9,5.68,32.5
184,-2.4879512799742254,-11.512925464970229,2.46,0.0,0.488,5.604,89.8,2.9879,3.0,193.0,17.8,391.0,13.98,26.4
185,-2.8056079046970153,-11.512925464970229,2.46,0.0,0.488,6.153,68.8,3.2797,3.0,193.0,17.8,387.11,13.15,29.6
186,-2.882046509150175,-11.512925464970229,2.46,0.0,0.488,7.831,53.6,3.1992,3.0,193.0,17.8,392.63,4.45,50.0
187,-2.5414770012763945,3.806662711992517,3.44,0.0,0.437,6.782,41.1,3.7886,5.0,398.0,15.2,393.87,6.68,32.0
188,-2.073141429131356,3.806662711992517,3.44,0.0,0.437,6.556,29.1,4.5667,5.0,398.0,15.2,382.84,4.56,29.8
189,-2.4805163014867073,3.806662711992517,3.44,0.0,0.437,7.185,38.9,4.5667,5.0,398.0,15.2,396.9,5.39,34.9
190,-2.400418453342809,3.806662711992517,3.44,0.0,0.437,6.951,21.5,6.4798,5.0,398.0,15.2,377.68,5.1,37.0
191,-2.672055840878834,3.806662711992517,3.44,0.0,0.437,6.739,30.8,6.4798,5.0,398.0,15.2,389.71,4.69,30.5
192,-2.445993676289402,3.806662711992517,3.44,0.0,0.437,7.178,26.3,6.4798,5.0,398.0,15.2,390.49,2.87,36.4
193,-3.8226394442934604,4.094344728888753,2.93,0.0,0.401,6.8,9.9,6.2196,1.0,265.0,15.6,393.37,5.03,31.1
194,-4.241221758082861,4.094344728888753,2.93,0.0,0.401,6.604,18.8,6.2196,1.0,265.0,15.6,376.7,4.38,29.1
195,-4.282362311560936,4.382026759673874,0.46,0.0,0.422,7.875,32.0,5.6484,4.0,255.0,14.4,394.23,2.97,50.0
196,-3.2161295992001757,4.382026759673874,1.52,0.0,0.404,7.287,34.1,7.309,2.0,329.0,12.6,396.9,4.08,33.3
197,-3.064868012388853,4.382026759673874,1.52,0.0,0.404,7.107,36.6,7.309,2.0,329.0,12.6,354.31,8.61,30.3
198,-3.2786258292739747,4.382026759673874,1.52,0.0,0.404,7.274,38.3,7.309,2.0,329.0,12.6,392.2,6.62,34.6
199,-3.4577677331505496,4.553876996863694,1.47,0.0,0.403,6.975,15.3,7.6534,3.0,402.0,17.0,396.9,4.56,34.9
200,-4.029681048896379,4.553876996863694,1.47,0.0,0.403,7.135,13.9,7.6534,3.0,402.0,17.0,384.3,4.45,32.9
201,-3.3682462815224694,4.412798414552749,2.03,0.0,0.415,6.162,38.4,6.27,2.0,348.0,14.7,393.77,7.43,24.1
202,-3.827222403735681,4.412798414552749,2.03,0.0,0.415,7.61,15.7,6.27,2.0,348.0,14.7,395.38,3.11,42.3
203,-3.349554148510317,4.553876996863694,2.68,0.0,0.4161,7.853,33.2,5.118,4.0,224.0,14.7,392.78,3.81,48.5
204,-3.907533100155294,4.553876996863694,2.68,0.0,0.4161,8.034,31.9,5.118,4.0,224.0,14.7,390.55,2.88,50.0
205,-1.9920169167555637,-11.512925464970229,10.59,0.0,0.489,5.891,22.3,3.9454,4.0,277.0,18.6,396.9,10.87,22.6
206,-1.471024705280474,-11.512925464970229,10.59,0.0,0.489,6.326,52.5,4.3549,4.0,277.0,18.6,394.87,10.97,24.4
207,-1.3783658747977692,-11.512925464970229,10.59,0.0,0.489,5.783,72.7,4.3549,4.0,277.0,18.6,389.43,18.06,22.5
208,-1.996056732745905,-11.512925464970229,10.59,1.0,0.489,6.064,59.1,4.2392,4.0,277.0,18.6,381.32,14.66,24.4
209,-0.8307783945499413,-11.512925464970229,10.59,1.0,0.489,5.344,100.0,3.875,4.0,277.0,18.6,396.9,23.09,20.0
210,-1.7460597899770645,-11.512925464970229,10.59,1.0,0.489,5.96,92.1,3.8771,4.0,277.0,18.6,393.25,17.27,21.7
211,-0.9787514132167605,-11.512925464970229,10.59,1.0,0.489,5.404,88.6,3.665,4.0,277.0,18.6,395.24,23.98,19.3
212,-1.5269827324979075,-11.512925464970229,10.59,1.0,0.489,5.807,53.8,3.6526,4.0,277.0,18.6,390.94,16.03,22.4
213,-1.9624054515845106,-11.512925464970229,10.59,0.0,0.489,6.375,32.3,3.9454,4.0,277.0,18.6,385.81,9.38,28.1
214,-1.2394272853103383,-11.512925464970229,10.59,0.0,0.489,5.412,9.8,3.5875,4.0,277.0,18.6,348.93,29.55,23.7
215,-1.6193872432877685,-11.512925464970229,10.59,0.0,0.489,6.182,42.4,3.9454,4.0,277.0,18.6,393.63,9.47,25.0
216,-3.0878475624617967,-11.512925464970229,13.89,1.0,0.55,5.888,56.0,3.1121,5.0,276.0,16.4,392.8,13.51,23.3
217,-2.657404616433318,-11.512925464970229,13.89,0.0,0.55,6.642,85.1,3.4211,5.0,276.0,16.4,392.78,9.69,28.7
218,-2.2010217775846046,-11.512925464970229,13.89,1.0,0.55,5.951,93.8,2.8893,5.0,276.0,16.4,396.9,17.92,21.5
219,-2.169366249207823,-11.512925464970229,13.89,1.0,0.55,6.373,92.4,3.3633,5.0,276.0,16.4,393.74,10.5,23.0
220,-1.0269709275282342,-11.512925464970229,6.2,1.0,0.507,6.951,88.5,2.8617,8.0,307.0,17.4,391.7,9.71,26.7
221,-0.8971991416186345,-11.512925464970229,6.2,1.0,0.507,6.164,91.3,3.048,8.0,307.0,17.4,395.24,21.46,21.7
222,-0.47231028753765686,-11.512925464970229,6.2,1.0,0.507,6.879,77.7,3.2721,8.0,307.0,17.4,390.39,9.93,27.5
223,-0.48662093506917325,-11.512925464970229,6.2,0.0,0.507,6.618,80.8,3.2721,8.0,307.0,17.4,396.9,7.6,30.1
224,-1.1541355694787643,-11.512925464970229,6.2,0.0,0.504,8.266,78.3,2.8944,8.0,307.0,17.4,385.05,4.14,44.8
225,-0.6406875665875832,-11.512925464970229,6.2,0.0,0.504,8.725,83.0,2.8944,8.0,307.0,17.4,382.0,4.63,50.0
226,-0.9619682453708077,-11.512925464970229,6.2,0.0,0.504,8.04,86.5,3.2157,8.0,307.0,17.4,387.38,3.13,37.6
227,-0.8858100246205681,-11.512925464970229,6.2,0.0,0.504,7.163,79.9,3.2157,8.0,307.0,17.4,372.08,6.36,31.6
228,-1.210024411754371,-11.512925464970229,6.2,0.0,0.504,7.686,17.0,3.3751,8.0,307.0,17.4,377.51,3.92,46.7
229,-0.8169432583734566,-11.512925464970229,6.2,0.0,0.504,6.552,21.4,3.3751,8.0,307.0,17.4,380.34,3.76,31.5
230,-0.6217571844732723,-11.512925464970229,6.2,0.0,0.504,5.981,68.1,3.6715,8.0,307.0,17.4,378.35,11.65,24.3
231,-0.7701146217165538,-11.512925464970229,6.2,0.0,0.504,7.412,76.9,3.6715,8.0,307.0,17.4,376.14,5.25,31.7
232,-0.5528810174993176,-11.512925464970229,6.2,0.0,0.507,8.337,73.3,3.8384,8.0,307.0,17.4,385.91,2.47,41.7
233,-1.1042179711889437,-11.512925464970229,6.2,0.0,0.507,8.247,70.4,3.6519,8.0,307.0,17.4,378.95,3.95,48.3
234,-0.8031629596059677,-11.512925464970229,6.2,1.0,0.507,6.726,66.5,3.6519,8.0,307.0,17.4,360.2,8.05,29.0
235,-1.1072999170656752,-11.512925464970229,6.2,0.0,0.507,6.086,61.5,3.6519,8.0,307.0,17.4,376.75,10.88,24.0
236,-0.6528117043705424,-11.512925464970229,6.2,1.0,0.507,6.631,76.5,4.148,8.0,307.0,17.4,388.45,9.54,25.1
237,-0.6697627403272094,-11.512925464970229,6.2,0.0,0.507,7.358,71.6,4.148,8.0,307.0,17.4,390.07,4.73,31.5
238,-2.4956845229598787,3.4011977149954333,4.93,0.0,0.428,6.481,18.5,6.1899,6.0,300.0,16.6,379.41,6.36,23.7
239,-2.3803304416188986,3.4011977149954333,4.93,0.0,0.428,6.606,42.2,6.1899,6.0,300.0,16.6,383.78,7.37,23.3
240,-2.1778043760967396,3.4011977149954333,4.93,0.0,0.428,6.897,54.3,6.3361,6.0,300.0,16.6,391.25,11.38,22.0
241,-2.243184749712598,3.4011977149954333,4.93,0.0,0.428,6.095,65.1,6.3361,6.0,300.0,16.6,394.62,12.4,20.1
242,-2.2739976361421332,3.4011977149954333,4.93,0.0,0.428,6.358,52.9,7.0355,6.0,300.0,16.6,372.75,11.22,22.2
243,-2.0590900454319385,3.4011977149954333,4.93,0.0,0.428,6.393,7.8,7.0355,6.0,300.0,16.6,374.71,5.19,23.7
244,-1.5794908360661482,3.091042907903667,5.86,0.0,0.431,5.593,76.5,7.9549,7.0,330.0,19.1,372.49,12.5,17.6
245,-1.6537555930852257,3.091042907903667,5.86,0.0,0.431,5.605,70.2,7.9549,7.0,330.0,19.1,389.13,18.46,18.5
246,-1.0793097864136123,3.091042907903667,5.86,0.0,0.431,6.108,34.9,8.0555,7.0,330.0,19.1,390.18,9.16,24.3
247,-1.6267366770124299,3.091042907903667,5.86,0.0,0.431,6.226,79.2,8.0555,7.0,330.0,19.1,376.14,10.15,20.5
248,-1.805513625460718,3.091042907903667,5.86,0.0,0.431,6.433,49.1,7.8265,7.0,330.0,19.1,374.71,9.52,24.5
249,-1.6568964635938017,3.091042907903667,5.86,0.0,0.431,6.718,17.5,7.8265,7.0,330.0,19.1,393.74,6.56,26.2
250,-1.9639722918737217,3.091042907903667,5.86,0.0,0.431,6.487,13.0,7.3967,7.0,330.0,19.1,396.28,5.9,24.4
251,-1.541358791623506,3.091042907903667,5.86,0.0,0.431,6.438,8.9,7.3967,7.0,330.0,19.1,377.07,3.59,24.8
252,-2.498478329818095,3.091042907903667,5.86,0.0,0.431,6.957,6.8,8.9067,7.0,330.0,19.1,386.09,3.53,29.6
253,-0.9971212497887038,3.091042907903667,5.86,0.0,0.431,8.259,8.4,8.9067,7.0,330.0,19.1,396.9,3.54,42.8
254,-3.0326037483298958,4.382026759673874,3.64,0.0,0.392,6.108,32.0,9.2203,1.0,315.0,16.4,392.89,6.57,21.9
255,-3.338786121540758,4.382026759673874,3.64,0.0,0.392,5.876,19.1,9.2203,1.0,315.0,16.4,395.18,9.25,20.9
256,-4.174687314904639,4.49980978144137,3.75,0.0,0.394,7.454,34.2,6.3361,3.0,244.0,15.9,386.34,3.11,44.0
257,-0.4917749130751902,2.995732773553866,3.97,0.0,0.647,8.704,86.9,1.801,5.0,264.0,13.0,389.7,5.12,50.0
258,-0.4102113537333973,2.995732773553866,3.97,0.0,0.647,7.333,100.0,1.8946,5.0,264.0,13.0,383.29,7.79,36.0
259,-0.4206041269509682,2.995732773553866,3.97,0.0,0.647,6.842,100.0,2.0107,5.0,264.0,13.0,391.93,6.9,30.1
260,-0.6159824564648956,2.995732773553866,3.97,0.0,0.647,7.203,81.8,2.1121,5.0,264.0,13.0,392.8,9.59,33.8
261,-0.6271347461663738,2.995732773553866,3.97,0.0,0.647,7.52,89.4,2.1398,5.0,264.0,13.0,388.37,7.26,43.1
262,-0.6536572728735329,2.995732773553866,3.97,0.0,0.647,8.398,91.5,2.2885,5.0,264.0,13.0,386.86,5.91,48.8
263,-0.1920567907821121,2.995732773553866,3.97,0.0,0.647,7.327,94.5,2.0788,5.0,264.0,13.0,393.42,11.25,31.0
264,-0.5977097361268342,2.995732773553866,3.97,0.0,0.647,7.206,91.6,1.9301,5.0,264.0,13.0,387.89,8.1,36.5
265,-0.2723075353455809,2.995732773553866,3.97,0.0,0.647,5.56,62.8,1.9865,5.0,264.0,13.0,392.4,10.45,22.8
266,-0.2411802388003612,2.995732773553866,3.97,0.0,0.647,7.014,84.6,2.1329,5.0,264.0,13.0,384.07,14.79,30.7
267,-0.5475933479582054,2.995732773553866,3.97,0.0,0.575,8.297,67.0,2.4216,5.0,264.0,13.0,384.54,7.44,50.0
268,-0.6152606419028741,2.995732773553866,3.97,0.0,0.575,7.47,52.6,2.872,5.0,264.0,13.0,390.3,3.16,43.5
269,-2.400749341781277,2.995732773553866,6.96,1.0,0.464,5.92,61.5,3.9175,3.0,223.0,18.6,391.34,13.65,20.7
270,-1.2067767316586704,2.995732773553866,6.96,0.0,0.464,5.856,42.1,4.429,3.0,223.0,18.6,388.65,13.0,21.1
271,-1.8194801618286551,2.995732773553866,6.96,0.0,0.464,6.24,16.3,4.429,3.0,223.0,18.6,396.9,6.59,25.2
272,-2.166307474701498,2.995732773553866,6.96,0.0,0.464,6.538,58.7,3.9175,3.0,223.0,18.6,394.96,7.73,24.4
273,-1.5056185837951033,2.995732773553866,6.96,1.0,0.464,7.691,51.8,4.3665,3.0,223.0,18.6,390.77,6.58,35.2
274,-2.874577151997524,3.688879704113905,6.41,1.0,0.447,6.758,32.9,4.0776,4.0,254.0,17.6,396.9,3.53,32.4
275,-2.3429905076290845,3.688879704113905,6.41,0.0,0.447,6.854,42.8,4.2673,4.0,254.0,17.6,396.9,2.98,32.0
276,-2.2567516766508735,3.688879704113905,6.41,1.0,0.447,7.267,49.0,4.7872,4.0,254.0,17.6,389.25,6.05,33.2
277,-2.7924649522445737,3.688879704113905,6.41,1.0,0.447,6.826,27.6,4.8628,4.0,254.0,17.6,393.45,4.16,33.1
278,-2.5284824325048763,3.688879704113905,6.41,0.0,0.447,6.482,32.1,4.1403,4.0,254.0,17.6,396.9,7.19,29.1
279,-1.558839859671009,2.995732773553866,3.33,0.0,0.4429,6.812,32.2,4.1007,5.0,216.0,14.9,396.9,4.85,35.1
280,-3.330366200901564,2.995732773553866,3.33,0.0,0.4429,7.82,64.5,4.6947,5.0,216.0,14.9,387.31,3.76,45.4
281,-3.295486927240041,2.995732773553866,3.33,0.0,0.4429,6.968,37.2,5.2447,5.0,216.0,14.9,392.23,4.59,35.4
282,-2.7921385814844966,2.995732773553866,3.33,1.0,0.4429,7.645,49.7,5.2119,5.0,216.0,14.9,377.07,3.01,46.0
283,-4.199038633336767,4.49980978144137,1.21,1.0,0.401,7.923,24.8,5.885,1.0,198.0,13.6,395.52,3.16,50.0
284,-4.703886158927249,4.49980978144137,2.97,0.0,0.4,7.088,20.8,7.3073,1.0,285.0,15.3,394.72,7.85,32.2
285,-4.513502997462267,4.007333367050636,2.25,0.0,0.389,6.453,31.9,7.3073,1.0,300.0,15.3,394.72,8.23,22.0
286,-3.929677940666867,4.382026759673874,1.76,0.0,0.385,6.23,31.5,9.0892,1.0,241.0,18.2,341.6,12.93,20.1
287,-3.25165731439258,3.9608133600737503,5.32,0.0,0.405,6.209,31.3,7.3172,6.0,293.0,16.6,396.9,7.14,23.2
288,-3.0812901619156374,3.9608133600737503,5.32,0.0,0.405,6.315,45.6,7.3172,6.0,293.0,16.6,396.9,7.6,22.3
289,-3.1472530811952333,3.9608133600737503,5.32,0.0,0.405,6.565,22.9,7.3172,6.0,293.0,16.6,371.72,9.51,24.8
290,-3.351835952124431,4.382026759673874,4.95,0.0,0.411,6.861,27.9,5.1167,4.0,245.0,19.2,396.9,3.33,28.5
291,-2.540081150532656,4.382026759673874,4.95,0.0,0.411,7.148,27.7,5.1167,4.0,245.0,19.2,396.9,3.56,37.3
292,-3.3200783303773633,4.382026759673874,4.95,0.0,0.411,6.63,23.4,5.1167,4.0,245.0,19.2,396.9,4.7,27.9
293,-2.4931404547151037,-11.512925464970229,13.92,0.0,0.437,6.127,18.4,5.5027,4.0,289.0,16.0,396.9,8.58,23.9
294,-2.501157990374051,-11.512925464970229,13.92,0.0,0.437,6.009,42.3,5.5027,4.0,289.0,16.0,396.9,10.4,21.7
295,-2.045465326124905,-11.512925464970229,13.92,0.0,0.437,6.678,31.1,5.9604,4.0,289.0,16.0,396.9,6.27,28.6
296,-2.9239699073271,-11.512925464970229,13.92,0.0,0.437,6.549,51.0,5.9604,4.0,289.0,16.0,392.85,7.39,27.1
297,-1.9587826452779884,-11.512925464970229,13.92,0.0,0.437,5.79,58.0,6.32,4.0,289.0,16.0,396.9,15.84,20.3
298,-2.73861250668485,4.248495384906492,2.24,0.0,0.4,6.345,20.1,7.8278,5.0,358.0,14.8,368.24,4.97,22.5
299,-2.8893922377826646,4.248495384906492,2.24,0.0,0.4,7.041,10.0,7.8278,5.0,358.0,14.8,371.58,4.74,29.0
300,-3.119709453373702,4.248495384906492,2.24,0.0,0.4,6.871,47.4,7.8278,5.0,358.0,14.8,390.86,6.07,24.8
301,-3.341891275764748,3.526360818733765,6.09,0.0,0.433,6.59,40.4,5.4917,7.0,329.0,16.1,395.75,9.5,22.0
302,-2.3788183989936345,3.526360818733765,6.09,0.0,0.433,6.495,18.4,5.4917,7.0,329.0,16.1,383.61,8.67,26.4
303,-2.3025850929940455,3.526360818733765,6.09,0.0,0.433,6.982,17.7,5.4917,7.0,329.0,16.1,390.43,4.86,33.1
304,-2.8976985332826257,3.4965078644967376,2.18,0.0,0.472,7.236,41.1,4.022,7.0,222.0,18.4,393.68,6.93,36.1
305,-2.904247583431813,3.4965078644967376,2.18,0.0,0.472,6.616,58.1,3.37,7.0,222.0,18.4,393.36,8.93,28.4
306,-2.5898672454244998,3.4965078644967376,2.18,0.0,0.472,7.42,71.9,3.0992,7.0,222.0,18.4,396.9,6.47,33.4
307,-3.0094256006859936,3.4965078644967376,2.18,0.0,0.472,6.849,70.3,3.1827,7.0,222.0,18.4,396.9,7.53,28.2
308,-0.707286673713667,-11.512925464970229,9.9,0.0,0.544,6.635,82.5,3.3175,4.0,304.0,18.4,396.9,4.54,22.8
309,-1.051537881282181,-11.512925464970229,9.9,0.0,0.544,5.972,76.7,3.1025,4.0,304.0,18.4,396.24,9.97,20.3
310,0.9690653285914825,-11.512925464970229,9.9,0.0,0.544,4.973,37.8,2.5194,4.0,304.0,18.4,350.45,12.64,16.1
311,-0.23520348080665032,-11.512925464970229,9.9,0.0,0.544,6.122,52.8,2.6403,4.0,304.0,18.4,396.9,5.98,22.1
312,-1.3405946818689003,-11.512925464970229,9.9,0.0,0.544,6.023,90.4,2.834,4.0,304.0,18.4,396.3,11.72,19.4
313,-1.3116322568114682,-11.512925464970229,9.9,0.0,0.544,6.266,82.8,3.2628,4.0,304.0,18.4,393.39,7.9,21.6
314,-0.9964167763534401,-11.512925464970229,9.9,0.0,0.544,6.567,87.3,3.6023,4.0,304.0,18.4,395.69,9.28,23.8
315,-1.3721547975661714,-11.512925464970229,9.9,0.0,0.544,5.705,77.7,3.945,4.0,304.0,18.4,396.42,11.5,16.2
316,-1.1448551998428471,-11.512925464970229,9.9,0.0,0.544,5.914,83.2,3.9986,4.0,304.0,18.4,390.7,18.33,17.8
317,-1.4055995121778961,-11.512925464970229,9.9,0.0,0.544,5.782,71.7,4.0317,4.0,304.0,18.4,396.9,15.94,19.8
318,-0.911253440356887,-11.512925464970229,9.9,0.0,0.544,6.382,67.2,3.5325,4.0,304.0,18.4,395.21,10.36,23.1
319,-0.7434514904696932,-11.512925464970229,9.9,0.0,0.544,6.113,58.8,4.0019,4.0,304.0,18.4,396.23,12.73,21.0
320,-1.7861750909341545,-11.512925464970229,7.38,0.0,0.493,6.426,52.3,4.5404,5.0,287.0,19.6,396.9,7.2,23.8
321,-1.7060038804104314,-11.512925464970229,7.38,0.0,0.493,6.376,54.3,4.5404,5.0,287.0,19.6,396.9,6.87,23.1
322,-1.0465702746410745,-11.512925464970229,7.38,0.0,0.493,6.041,49.9,4.7211,5.0,287.0,19.6,396.9,7.7,20.4
323,-1.259062770643896,-11.512925464970229,7.38,0.0,0.493,5.708,74.3,4.7211,5.0,287.0,19.6,391.13,11.74,18.5
324,-1.0756089069031467,-11.512925464970229,7.38,0.0,0.493,6.415,40.1,4.7211,5.0,287.0,19.6,396.9,6.12,25.0
325,-1.6509893395923356,-11.512925464970229,7.38,0.0,0.493,6.431,14.7,5.4159,5.0,287.0,19.6,393.68,5.08,24.6
326,-1.1924725201557291,-11.512925464970229,7.38,0.0,0.493,6.312,28.9,5.4159,5.0,287.0,19.6,396.9,6.15,23.0
327,-1.4228338719108389,-11.512925464970229,7.38,0.0,0.493,6.083,43.7,5.4159,5.0,287.0,19.6,396.9,12.79,22.2
328,-2.715528090958169,-11.512925464970229,3.24,0.0,0.46,5.868,25.8,5.2146,4.0,430.0,16.9,382.44,9.97,19.3
329,-2.6994869704417224,-11.512925464970229,3.24,0.0,0.46,6.333,17.2,5.2146,4.0,430.0,16.9,375.21,7.34,22.6
330,-3.091362504569241,-11.512925464970229,3.24,0.0,0.46,6.144,32.2,5.8736,4.0,430.0,16.9,368.57,9.09,19.8
331,-2.991142821220184,3.5553483472036587,6.06,0.0,0.4379,5.706,28.4,6.6407,1.0,304.0,16.9,394.02,12.43,17.1
332,-3.362168994694677,3.5553483472036587,6.06,0.0,0.4379,6.031,23.3,6.6407,1.0,304.0,16.9,362.25,7.83,19.4
333,-2.979268547523326,-11.512925464970229,5.19,0.0,0.515,6.316,38.1,6.4584,5.0,224.0,20.2,389.71,5.68,22.2
334,-3.2866194769547206,-11.512925464970229,5.19,0.0,0.515,6.31,38.5,6.4584,5.0,224.0,20.2,389.4,6.75,20.7
335,-3.228673667348312,-11.512925464970229,5.19,0.0,0.515,6.037,34.5,5.9853,5.0,224.0,20.2,396.9,8.01,21.1
336,-3.3734849430956197,-11.512925464970229,5.19,0.0,0.515,5.869,46.3,5.2311,5.0,224.0,20.2,396.9,9.8,19.5
337,-3.4929837772928636,-11.512925464970229,5.19,0.0,0.515,5.895,59.6,5.615,5.0,224.0,20.2,394.81,10.56,18.5
338,-3.409431186589259,-11.512925464970229,5.19,0.0,0.515,6.059,37.3,4.8122,5.0,224.0,20.2,396.14,8.51,20.6
339,-2.900967697109568,-11.512925464970229,5.19,0.0,0.515,5.985,45.4,4.8122,5.0,224.0,20.2,396.9,9.74,19.0
340,-2.78855551576186,-11.512925464970229,5.19,0.0,0.515,5.968,58.5,4.8122,5.0,224.0,20.2,396.9,9.29,18.7
341,-4.342036986457723,3.5553483472036587,1.52,0.0,0.442,7.241,49.3,7.0379,1.0,284.0,15.5,394.74,5.49,32.7
342,-3.6896797742847056,-11.512925464970229,1.89,0.0,0.518,6.54,59.7,6.2669,1.0,422.0,15.9,389.96,8.65,16.5
343,-3.671825699548109,4.007333367050636,3.78,0.0,0.484,6.696,56.4,5.7321,5.0,370.0,17.6,396.9,7.18,23.9
344,-3.4903565179819735,4.007333367050636,3.78,0.0,0.484,6.874,28.1,6.4654,5.0,370.0,17.6,387.97,4.61,31.2
345,-3.4695832945286202,-11.512925464970229,4.39,0.0,0.442,6.014,48.5,8.0136,3.0,352.0,18.8,385.64,10.53,17.5
346,-2.786768785813615,-11.512925464970229,4.39,0.0,0.442,5.898,52.3,8.0136,3.0,352.0,18.8,364.61,12.67,17.2
347,-3.979231755121596,4.442651374137369,4.15,0.0,0.429,6.516,27.7,8.5353,4.0,351.0,17.9,392.43,6.36,23.1
348,-4.199038633336767,4.382026759673874,2.01,0.0,0.435,6.635,29.7,8.344,4.0,280.0,17.0,390.94,5.99,24.5
349,-3.540804336048573,3.688879704113905,1.25,0.0,0.429,6.939,34.5,8.7921,1.0,335.0,19.7,389.85,5.89,26.6
350,-2.7788482724109254,3.688879704113905,1.25,0.0,0.429,6.49,44.4,8.7921,1.0,335.0,19.7,396.9,5.98,22.9
351,-2.5319982573218507,4.094344728888753,1.69,0.0,0.411,6.579,35.9,10.7103,4.0,411.0,18.3,370.78,5.49,24.1
352,-2.6249966459669243,4.094344728888753,1.69,0.0,0.411,5.884,18.5,10.7103,4.0,411.0,18.3,392.33,7.79,18.6
353,-4.069261781854637,4.49980978144137,2.02,0.0,0.41,6.728,36.1,12.1265,5.0,187.0,17.0,384.46,4.5,30.1
354,-3.146322632186492,4.382026759673874,1.91,0.0,0.413,5.663,21.9,10.5857,4.0,334.0,22.0,382.8,8.05,18.2
355,-2.2387655802810915,4.382026759673874,1.91,0.0,0.413,5.936,19.5,10.5857,4.0,334.0,22.0,376.04,5.57,20.6
356,2.195329449381762,-11.512925464970229,18.1,1.0,0.77,6.212,97.4,2.1222,24.0,666.0,20.2,377.73,17.6,17.8
357,1.347995223185688,-11.512925464970229,18.1,1.0,0.77,6.395,91.0,2.5052,24.0,666.0,20.2,391.34,13.27,21.7
358,1.6489989522850654,-11.512925464970229,18.1,1.0,0.77,6.127,83.4,2.7227,24.0,666.0,20.2,395.43,11.48,22.7
359,1.4495766247463249,-11.512925464970229,18.1,0.0,0.77,6.112,81.3,2.5091,24.0,666.0,20.2,390.74,12.67,22.6
360,1.5133498301420758,-11.512925464970229,18.1,0.0,0.77,6.398,88.0,2.5182,24.0,666.0,20.2,374.56,7.79,25.0
361,1.3446491111511765,-11.512925464970229,18.1,0.0,0.77,6.251,91.1,2.2955,24.0,666.0,20.2,350.65,14.19,19.9
362,1.302428939510188,-11.512925464970229,18.1,0.0,0.77,5.362,96.2,2.1036,24.0,666.0,20.2,380.79,10.19,20.8
363,1.4404013184427842,-11.512925464970229,18.1,1.0,0.77,5.803,89.0,1.9047,24.0,666.0,20.2,353.04,14.64,16.8
364,1.2453872633044583,-11.512925464970229,18.1,1.0,0.718,8.78,82.9,1.9047,24.0,666.0,20.2,354.55,5.29,21.9
365,1.5164165113762587,-11.512925464970229,18.1,0.0,0.718,3.561,87.9,1.6132,24.0,666.0,20.2,354.7,7.12,27.5
366,1.3075081553837307,-11.512925464970229,18.1,0.0,0.718,4.963,91.4,1.7523,24.0,666.0,20.2,316.03,14.0,21.9
367,2.6043327792705377,-11.512925464970229,18.1,0.0,0.631,3.863,100.0,1.5106,24.0,666.0,20.2,131.42,13.33,23.1
368,1.5888718738136338,-11.512925464970229,18.1,0.0,0.631,4.97,100.0,1.3325,24.0,666.0,20.2,375.52,3.26,50.0
369,1.735185590396579,-11.512925464970229,18.1,1.0,0.631,6.683,96.8,1.3567,24.0,666.0,20.2,375.33,3.73,50.0
370,1.8777475450458079,-11.512925464970229,18.1,1.0,0.631,7.016,97.5,1.2024,24.0,666.0,20.2,392.05,2.96,50.0
371,2.2227082049050155,-11.512925464970229,18.1,0.0,0.631,6.216,100.0,1.1691,24.0,666.0,20.2,366.15,9.53,50.0
372,2.1123019265293976,-11.512925464970229,18.1,1.0,0.668,5.875,89.6,1.1296,24.0,666.0,20.2,347.88,8.88,50.0
373,2.4076745719247366,-11.512925464970229,18.1,0.0,0.668,4.906,100.0,1.1742,24.0,666.0,20.2,396.9,34.77,13.8
374,2.9176734300532927,-11.512925464970229,18.1,0.0,0.668,4.138,100.0,1.137,24.0,666.0,20.2,396.9,37.97,13.8
375,2.9759937442034943,-11.512925464970229,18.1,0.0,0.671,7.313,97.9,1.3163,24.0,666.0,20.2,396.9,13.44,15.0
376,2.727068206937972,-11.512925464970229,18.1,0.0,0.671,6.649,93.3,1.3449,24.0,666.0,20.2,363.02,23.24,13.9
377,2.284776456376443,-11.512925464970229,18.1,0.0,0.671,6.794,98.8,1.358,24.0,666.0,20.2,396.9,21.24,13.3
378,3.163287002104859,-11.512925464970229,18.1,0.0,0.671,6.38,96.2,1.3861,24.0,666.0,20.2,396.9,23.69,13.1
379,2.882938645078548,-11.512925464970229,18.1,0.0,0.671,6.223,100.0,1.3861,24.0,666.0,20.2,393.74,21.78,10.2
380,4.488368918239841,-11.512925464970229,18.1,0.0,0.671,6.968,91.9,1.4165,24.0,666.0,20.2,396.9,17.21,10.4
381,2.764707748788905,-11.512925464970229,18.1,0.0,0.671,6.545,99.1,1.5192,24.0,666.0,20.2,396.9,21.08,10.9
382,2.2177916182761837,-11.512925464970229,18.1,0.0,0.7,5.536,100.0,1.5804,24.0,666.0,20.2,396.9,23.6,11.3
383,2.078501099602779,-11.512925464970229,18.1,0.0,0.7,5.52,100.0,1.5331,24.0,666.0,20.2,396.9,24.56,12.3
384,2.9999682889589208,-11.512925464970229,18.1,0.0,0.7,4.368,91.2,1.4395,24.0,666.0,20.2,285.83,30.63,8.8
385,2.8220810208075364,-11.512925464970229,18.1,0.0,0.7,5.277,98.1,1.4261,24.0,666.0,20.2,396.9,30.81,7.2
386,3.194329001650042,-11.512925464970229,18.1,0.0,0.7,4.652,100.0,1.4672,24.0,666.0,20.2,396.9,28.28,10.5
387,3.1178215794606357,-11.512925464970229,18.1,0.0,0.7,5.0,89.5,1.5184,24.0,666.0,20.2,396.9,31.99,7.4
388,2.6626134080936033,-11.512925464970229,18.1,0.0,0.7,4.88,100.0,1.5895,24.0,666.0,20.2,372.92,30.62,10.2
389,2.09823140139806,-11.512925464970229,18.1,0.0,0.7,5.39,98.9,1.7281,24.0,666.0,20.2,396.9,20.85,11.5
390,1.9404883346900383,-11.512925464970229,18.1,0.0,0.7,5.713,97.0,1.9265,24.0,666.0,20.2,394.43,17.11,15.1
391,1.6663946392699258,-11.512925464970229,18.1,0.0,0.7,6.051,82.5,2.1678,24.0,666.0,20.2,378.38,18.76,23.2
392,2.449098108549207,-11.512925464970229,18.1,0.0,0.7,5.036,97.0,1.77,24.0,666.0,20.2,396.9,25.68,9.7
393,2.156953357037918,-11.512925464970229,18.1,0.0,0.693,6.193,92.6,1.7912,24.0,666.0,20.2,396.9,15.17,13.8
394,2.592250197936567,-11.512925464970229,18.1,0.0,0.693,5.887,94.7,1.7821,24.0,666.0,20.2,396.9,16.35,12.7
395,2.165246462026569,-11.512925464970229,18.1,0.0,0.693,6.471,98.8,1.7257,24.0,666.0,20.2,391.98,17.12,13.1
396,1.7702038062623382,-11.512925464970229,18.1,0.0,0.693,6.405,96.0,1.6768,24.0,666.0,20.2,396.9,19.37,12.5
397,2.037579944459908,-11.512925464970229,18.1,0.0,0.693,5.747,98.9,1.6334,24.0,666.0,20.2,393.1,19.92,8.5
398,3.646801462826533,-11.512925464970229,18.1,0.0,0.693,5.453,100.0,1.4896,24.0,666.0,20.2,396.9,30.59,5.0
399,2.2942050785484422,-11.512925464970229,18.1,0.0,0.693,5.852,77.8,1.5004,24.0,666.0,20.2,338.16,29.97,6.3
400,3.2207181267873874,-11.512925464970229,18.1,0.0,0.693,5.987,100.0,1.5888,24.0,666.0,20.2,396.9,26.77,5.6
401,2.655788016439399,-11.512925464970229,18.1,0.0,0.693,6.343,100.0,1.5741,24.0,666.0,20.2,396.9,20.32,7.2
402,2.2613161235954014,-11.512925464970229,18.1,0.0,0.693,6.404,100.0,1.639,24.0,666.0,20.2,376.11,20.31,12.1
403,3.2109121992086997,-11.512925464970229,18.1,0.0,0.693,5.349,96.0,1.7028,24.0,666.0,20.2,396.9,19.77,8.3
404,3.726396794273884,-11.512925464970229,18.1,0.0,0.693,5.531,85.4,1.6074,24.0,666.0,20.2,329.46,27.38,8.5
405,4.21834232049674,-11.512925464970229,18.1,0.0,0.693,5.683,100.0,1.4254,24.0,666.0,20.2,384.97,22.98,5.0
406,3.030916002888473,-11.512925464970229,18.1,0.0,0.659,4.138,100.0,1.1781,24.0,666.0,20.2,370.22,23.34,11.9
407,2.4808233243503643,-11.512925464970229,18.1,0.0,0.659,5.608,100.0,1.2852,24.0,666.0,20.2,332.09,12.13,27.9
408,2.0020055377667436,-11.512925464970229,18.1,0.0,0.597,5.617,97.9,1.4547,24.0,666.0,20.2,314.64,26.4,17.2
409,2.6698843980022766,-11.512925464970229,18.1,0.0,0.597,6.852,100.0,1.4655,24.0,666.0,20.2,179.36,19.78,27.5
410,3.9344848389972373,-11.512925464970229,18.1,0.0,0.597,5.757,100.0,1.413,24.0,666.0,20.2,2.6,10.11,15.0
411,2.642672216602734,-11.512925464970229,18.1,0.0,0.597,6.657,100.0,1.5275,24.0,666.0,20.2,35.05,21.22,17.2
412,2.9344418051108834,-11.512925464970229,18.1,0.0,0.597,4.628,100.0,1.5539,24.0,666.0,20.2,28.79,34.37,17.9
413,3.35535586595285,-11.512925464970229,18.1,0.0,0.597,5.155,100.0,1.5894,24.0,666.0,20.2,210.97,20.08,16.3
414,3.8231065421862525,-11.512925464970229,18.1,0.0,0.693,4.519,100.0,1.6582,24.0,666.0,20.2,88.27,36.98,7.0
415,2.895060747382296,-11.512925464970229,18.1,0.0,0.679,6.434,100.0,1.8347,24.0,666.0,20.2,27.25,29.05,7.2
416,2.3827077974677526,-11.512925464970229,18.1,0.0,0.679,6.782,90.8,1.8195,24.0,666.0,20.2,21.57,25.79,7.5
417,3.2558093089214903,-11.512925464970229,18.1,0.0,0.679,5.304,89.1,1.6475,24.0,666.0,20.2,127.36,26.64,10.4
418,4.297749244207548,-11.512925464970229,18.1,0.0,0.679,5.957,100.0,1.8026,24.0,666.0,20.2,16.45,20.62,8.8
419,2.469141361459595,-11.512925464970229,18.1,0.0,0.718,6.824,76.5,1.794,24.0,666.0,20.2,48.45,22.74,8.4
420,2.4058093284292976,-11.512925464970229,18.1,0.0,0.718,6.411,100.0,1.8589,24.0,666.0,20.2,318.75,15.02,16.7
421,1.9491320958628744,-11.512925464970229,18.1,0.0,0.718,6.006,95.3,1.8746,24.0,666.0,20.2,319.98,15.7,14.2
422,2.488915271185359,-11.512925464970229,18.1,0.0,0.614,5.648,87.6,1.9512,24.0,666.0,20.2,291.55,14.1,20.8
423,1.9530871895177742,-11.512925464970229,18.1,0.0,0.614,6.103,85.1,2.0218,24.0,666.0,20.2,2.52,23.29,13.4
424,2.173855865779787,-11.512925464970229,18.1,0.0,0.584,5.565,70.6,2.0635,24.0,666.0,20.2,3.65,17.16,11.7
425,2.7638191315385248,-11.512925464970229,18.1,0.0,0.679,5.896,95.4,1.9096,24.0,666.0,20.2,7.68,24.39,8.3
426,2.5052973394357343,-11.512925464970229,18.1,0.0,0.584,5.837,59.7,1.9976,24.0,666.0,20.2,24.65,15.69,10.2
427,3.6286489733637057,-11.512925464970229,18.1,0.0,0.679,6.202,78.7,1.8629,24.0,666.0,20.2,18.82,14.52,10.9
428,1.9970254990402692,-11.512925464970229,18.1,0.0,0.679,6.193,78.1,1.9356,24.0,666.0,20.2,96.73,21.52,11.0
429,2.2341874014951975,-11.512925464970229,18.1,0.0,0.679,6.38,95.6,1.9682,24.0,666.0,20.2,60.72,24.08,9.5
430,2.1391398522495066,-11.512925464970229,18.1,0.0,0.584,6.348,86.1,2.0527,24.0,666.0,20.2,83.45,17.64,14.5
431,2.3087957667707584,-11.512925464970229,18.1,0.0,0.584,6.833,94.3,2.0882,24.0,666.0,20.2,81.33,19.69,14.1
432,1.8631572244404297,-11.512925464970229,18.1,0.0,0.584,6.425,74.8,2.2004,24.0,666.0,20.2,97.95,12.03,16.1
433,1.719380514282737,-11.512925464970229,18.1,0.0,0.713,6.436,87.9,2.3158,24.0,666.0,20.2,100.19,16.22,14.3
434,2.6328524045363078,-11.512925464970229,18.1,0.0,0.713,6.208,95.0,2.2222,24.0,666.0,20.2,100.63,15.17,11.7
435,2.412371798604752,-11.512925464970229,18.1,0.0,0.74,6.629,94.6,2.1247,24.0,666.0,20.2,109.85,23.27,13.4
436,2.6686716088200084,-11.512925464970229,18.1,0.0,0.74,6.461,93.3,2.0026,24.0,666.0,20.2,27.49,18.05,9.6
437,2.7197943017259636,-11.512925464970229,18.1,0.0,0.74,6.152,100.0,1.9142,24.0,666.0,20.2,9.32,26.45,8.7
438,2.6157960136595606,-11.512925464970229,18.1,0.0,0.74,5.935,87.9,1.8206,24.0,666.0,20.2,68.95,34.02,8.4
439,2.2397123836213173,-11.512925464970229,18.1,0.0,0.74,5.627,93.9,1.8172,24.0,666.0,20.2,396.9,22.88,12.8
440,3.093362487269874,-11.512925464970229,18.1,0.0,0.74,5.818,92.4,1.8662,24.0,666.0,20.2,391.45,22.11,10.5
441,2.274615567183416,-11.512925464970229,18.1,0.0,0.74,6.406,97.2,2.0651,24.0,666.0,20.2,385.96,19.52,17.1
442,1.7345487010764669,-11.512925464970229,18.1,0.0,0.74,6.219,100.0,2.0048,24.0,666.0,20.2,395.69,16.59,18.4
443,2.2992334826176704,-11.512925464970229,18.1,0.0,0.74,6.485,100.0,1.9784,24.0,666.0,20.2,386.73,18.85,15.4
444,2.5496248422837064,-11.512925464970229,18.1,0.0,0.74,5.854,96.6,1.8956,24.0,666.0,20.2,240.52,23.79,10.8
445,2.3676047483679747,-11.512925464970229,18.1,0.0,0.74,6.459,94.8,1.9879,24.0,666.0,20.2,43.06,23.98,11.8
446,1.8386541873804634,-11.512925464970229,18.1,0.0,0.74,6.341,96.4,2.072,24.0,666.0,20.2,318.01,17.79,14.9
447,2.2950417131089202,-11.512925464970229,18.1,0.0,0.74,6.251,96.6,2.198,24.0,666.0,20.2,388.52,16.44,12.6
448,2.233137475268552,-11.512925464970229,18.1,0.0,0.713,6.185,98.7,2.2616,24.0,666.0,20.2,396.9,18.13,14.1
449,2.018365020897442,-11.512925464970229,18.1,0.0,0.713,6.417,98.3,2.185,24.0,666.0,20.2,304.21,19.31,13.0
450,1.9047488112503523,-11.512925464970229,18.1,0.0,0.713,6.749,92.6,2.3236,24.0,666.0,20.2,0.32,17.44,13.4
451,1.6939885977369975,-11.512925464970229,18.1,0.0,0.713,6.655,98.2,2.3552,24.0,666.0,20.2,355.29,17.73,15.2
452,1.6273112288259213,-11.512925464970229,18.1,0.0,0.713,6.297,91.8,2.3682,24.0,666.0,20.2,385.09,17.27,16.1
453,2.1099816583913045,-11.512925464970229,18.1,0.0,0.713,7.393,99.3,2.4527,24.0,666.0,20.2,375.87,16.74,17.8
454,2.2527255071970935,-11.512925464970229,18.1,0.0,0.713,6.728,94.1,2.4961,24.0,666.0,20.2,6.68,18.71,14.9
455,1.5586434409821213,-11.512925464970229,18.1,0.0,0.713,6.525,86.5,2.4358,24.0,666.0,20.2,50.92,18.13,14.1
456,1.540908504959681,-11.512925464970229,18.1,0.0,0.713,5.976,87.9,2.5806,24.0,666.0,20.2,10.48,19.01,12.7
457,2.104204883476155,-11.512925464970229,18.1,0.0,0.713,5.936,80.3,2.7792,24.0,666.0,20.2,3.5,16.94,13.5
458,2.047980543910968,-11.512925464970229,18.1,0.0,0.713,6.301,83.7,2.7831,24.0,666.0,20.2,272.21,16.23,14.9
459,1.9170946562051687,-11.512925464970229,18.1,0.0,0.713,6.081,84.4,2.7175,24.0,666.0,20.2,396.9,14.7,20.0
460,1.5711398135413612,-11.512925464970229,18.1,0.0,0.713,6.701,90.0,2.5975,24.0,666.0,20.2,255.23,16.42,16.4
461,1.3064689215086058,-11.512925464970229,18.1,0.0,0.713,6.376,88.4,2.5671,24.0,666.0,20.2,391.43,14.65,17.7
462,1.8953564307380073,-11.512925464970229,18.1,0.0,0.713,6.317,83.0,2.7344,24.0,666.0,20.2,396.9,13.99,19.5
463,1.7614978367258425,-11.512925464970229,18.1,0.0,0.713,6.513,89.9,2.8016,24.0,666.0,20.2,393.82,10.29,20.2
464,2.059152095906768,-11.512925464970229,18.1,0.0,0.655,6.209,65.4,2.9634,24.0,666.0,20.2,396.9,13.22,21.4
465,1.1517106196631253,-11.512925464970229,18.1,0.0,0.655,5.759,48.2,3.0665,24.0,666.0,20.2,334.4,14.13,19.9
466,1.3283950846737085,-11.512925464970229,18.1,0.0,0.655,5.952,84.7,2.8715,24.0,666.0,20.2,22.01,17.15,19.0
467,1.486655400195455,-11.512925464970229,18.1,0.0,0.584,6.003,94.5,2.5403,24.0,666.0,20.2,331.29,21.32,19.1
468,2.745712007483798,-11.512925464970229,18.1,0.0,0.58,5.926,71.0,2.9084,24.0,666.0,20.2,368.74,18.13,19.1
469,2.570709658105296,-11.512925464970229,18.1,0.0,0.58,5.713,56.7,2.8237,24.0,666.0,20.2,396.9,14.76,20.1
470,1.4698976454871284,-11.512925464970229,18.1,0.0,0.58,6.167,84.0,3.0334,24.0,666.0,20.2,396.9,16.29,19.9
471,1.3958510501498456,-11.512925464970229,18.1,0.0,0.532,6.229,90.7,3.0993,24.0,666.0,20.2,395.33,12.87,19.6
472,1.272195779518779,-11.512925464970229,18.1,0.0,0.58,6.437,75.0,2.8965,24.0,666.0,20.2,393.37,14.36,23.2
473,1.5361981786369632,-11.512925464970229,18.1,0.0,0.614,6.98,67.6,2.5329,24.0,666.0,20.2,374.68,11.66,29.8
474,2.0863910875491882,-11.512925464970229,18.1,0.0,0.584,5.427,95.4,2.4298,24.0,666.0,20.2,352.58,18.14,13.8
475,1.855222412138693,-11.512925464970229,18.1,0.0,0.584,6.162,97.4,2.206,24.0,666.0,20.2,302.76,24.1,13.3
476,1.5833834229101753,-11.512925464970229,18.1,0.0,0.614,6.484,93.6,2.3053,24.0,666.0,20.2,396.21,18.68,16.7
477,2.7096089855662036,-11.512925464970229,18.1,0.0,0.614,5.304,97.3,2.1007,24.0,666.0,20.2,349.48,24.91,12.0
478,2.3256177921046186,-11.512925464970229,18.1,0.0,0.614,6.185,96.7,2.1705,24.0,666.0,20.2,379.7,18.03,14.6
479,2.6626134080936033,-11.512925464970229,18.1,0.0,0.614,6.229,88.0,1.9512,24.0,666.0,20.2,383.32,13.11,21.4
480,1.7619890279258779,-11.512925464970229,18.1,0.0,0.532,6.242,64.7,3.4242,24.0,666.0,20.2,396.9,10.74,23.0
481,1.7419002338055392,-11.512925464970229,18.1,0.0,0.532,6.75,74.9,3.3317,24.0,666.0,20.2,393.07,7.74,23.7
482,1.7459179535187497,-11.512925464970229,18.1,0.0,0.532,7.061,77.0,3.4106,24.0,666.0,20.2,395.28,7.01,25.0
483,1.036162251794904,-11.512925464970229,18.1,0.0,0.532,5.762,40.3,4.0983,24.0,666.0,20.2,392.92,10.42,21.8
484,0.8664994667703585,-11.512925464970229,18.1,0.0,0.583,5.871,41.9,3.724,24.0,666.0,20.2,370.73,13.34,20.6
485,1.3011911623995625,-11.512925464970229,18.1,0.0,0.583,6.312,51.9,3.9917,24.0,666.0,20.2,388.62,10.58,21.2
486,1.7390177579699948,-11.512925464970229,18.1,0.0,0.583,6.114,79.8,3.5459,24.0,666.0,20.2,392.68,14.98,19.1
487,1.576019692210814,-11.512925464970229,18.1,0.0,0.583,5.905,53.2,3.1523,24.0,666.0,20.2,388.22,11.45,20.6
488,-1.8914030245566522,-11.512925464970229,27.74,0.0,0.609,5.454,92.7,1.8209,4.0,711.0,20.1,395.09,18.06,15.2
489,-1.6962493094210638,-11.512925464970229,27.74,0.0,0.609,5.414,98.3,1.7554,4.0,711.0,20.1,344.05,23.97,7.0
490,-1.5728167289784551,-11.512925464970229,27.74,0.0,0.609,5.093,98.0,1.8226,4.0,711.0,20.1,318.43,29.68,8.1
491,-2.2467720281748327,-11.512925464970229,27.74,0.0,0.609,5.983,98.8,1.8681,4.0,711.0,20.1,390.11,18.07,13.6
492,-2.195346342324447,-11.512925464970229,27.74,0.0,0.609,5.983,83.5,2.1099,4.0,711.0,20.1,396.9,13.35,20.1
493,-1.7526733805208532,-11.512925464970229,9.69,0.0,0.585,5.707,54.0,2.3817,6.0,391.0,19.2,396.9,12.01,21.8
494,-1.2745025705164632,-11.512925464970229,9.69,0.0,0.585,5.926,42.6,2.3817,6.0,391.0,19.2,396.9,13.59,24.5
495,-1.7204253406237284,-11.512925464970229,9.69,0.0,0.585,5.67,28.8,2.7986,6.0,391.0,19.2,393.29,17.6,23.1
496,-1.2392546184705757,-11.512925464970229,9.69,0.0,0.585,5.39,72.9,2.7986,6.0,391.0,19.2,396.9,21.14,19.7
497,-1.3153513923093252,-11.512925464970229,9.69,0.0,0.585,5.794,70.6,2.8927,6.0,391.0,19.2,396.9,14.1,18.3
498,-1.4307897610064546,-11.512925464970229,9.69,0.0,0.585,6.019,65.3,2.4091,6.0,391.0,19.2,396.9,12.92,21.2
499,-1.726927241226568,-11.512925464970229,9.69,0.0,0.585,5.569,73.5,2.3999,6.0,391.0,19.2,395.77,15.1,17.5
500,-1.4944142358653185,-11.512925464970229,9.69,0.0,0.585,6.027,79.7,2.4982,6.0,391.0,19.2,396.9,14.33,16.8
501,-2.7705108824448157,-11.512925464970229,11.93,0.0,0.573,6.593,69.1,2.4786,1.0,273.0,21.0,391.99,9.67,22.4
502,-3.09511071753427,-11.512925464970229,11.93,0.0,0.573,6.12,76.7,2.2875,1.0,273.0,21.0,396.9,9.08,20.6
503,-2.800823601254565,-11.512925464970229,11.93,0.0,0.573,6.976,91.0,2.1675,1.0,273.0,21.0,396.9,5.64,23.9
504,-2.211009149506836,-11.512925464970229,11.93,0.0,0.573,6.794,89.3,2.3889,1.0,273.0,21.0,393.45,6.48,22.0
505,-3.04892210206811,-11.512925464970229,11.93,0.0,0.573,6.03,80.8,2.505,1.0,273.0,21.0,396.9,7.88,11.9
